{"cameraMode":{"drawMode":0,"name":"Shaded","section":"Shading Mode"},"sceneLighting":true,"audioPlay":false,"sceneViewState":{"m_AlwaysRefresh":false,"showFog":true,"showSkybox":true,"showFlares":true,"showImageEffects":true,"showParticleSystems":true,"showVisualEffectGraphs":true,"m_FxEnabled":true},"in2DMode":false,"pivot":{"x":7.558226108551025,"y":0.967186450958252,"z":15.262908935546875},"rotation":{"x":0.010246537625789643,"y":0.2172432690858841,"z":-0.002290772506967187,"w":0.9760667681694031},"size":12.655841827392579,"orthographic":false}