{"cameraMode":{"drawMode":0,"name":"Shaded","section":"Shading Mode"},"sceneLighting":true,"audioPlay":false,"sceneViewState":{"m_AlwaysRefresh":false,"showFog":true,"showSkybox":true,"showFlares":true,"showImageEffects":true,"showParticleSystems":true,"showVisualEffectGraphs":true,"m_FxEnabled":true},"in2DMode":false,"pivot":{"x":3.717489242553711,"y":-2.2838757038116457,"z":16.40537452697754},"rotation":{"x":0.07420044392347336,"y":0.13865765929222108,"z":-0.010428941808640957,"w":0.9875074028968811},"size":9.930910110473633,"orthographic":false}