{"cameraMode":{"drawMode":0,"name":"Shaded","section":"Shading Mode"},"sceneLighting":false,"audioPlay":false,"sceneViewState":{"m_AlwaysRefresh":false,"showFog":true,"showSkybox":false,"showFlares":true,"showImageEffects":true,"showParticleSystems":true,"showVisualEffectGraphs":true,"m_FxEnabled":true},"in2DMode":false,"pivot":{"x":-0.13285499811172486,"y":1.494140386581421,"z":0.4276399612426758},"rotation":{"x":-0.23165836930274964,"y":0.06472958624362946,"z":-0.015450604259967804,"w":-0.9705215096473694},"size":0.989477813243866,"orthographic":false}